Accuracy,f1 Score,ROC AUC
0.8095952023988006,0.8095308564901744,0.9654770064684184
